entry_key,status,file_en,file_ja,notes
sp_00000001,active,sanapedia\EN\worlds\west-asia\anatolia-and-eastern-mediterranean\ottoman-polity.md,sanapedia\JA\worlds\west-asia\anatolia-and-eastern-mediterranean\ottoman-polity.md,
sp_00000002,active,sanapedia\EN\worlds\west-asia\anatolia-and-eastern-mediterranean\events\battle-of-chaldiran-1514.md,sanapedia\JA\worlds\west-asia\anatolia-and-eastern-mediterranean\events\battle-of-chaldiran-1514.md,
sp_00000003,active,sanapedia\EN\worlds\west-asia\anatolia-and-eastern-mediterranean\events\battle-of-mohacs-1526.md,sanapedia\JA\worlds\west-asia\anatolia-and-eastern-mediterranean\events\battle-of-mohacs-1526.md,
sp_00000004,active,sanapedia\EN\worlds\west-asia\anatolia-and-eastern-mediterranean\events\belgrade-1521.md,sanapedia\JA\worlds\west-asia\anatolia-and-eastern-mediterranean\events\belgrade-1521.md,
sp_00000005,active,sanapedia\EN\worlds\west-asia\anatolia-and-eastern-mediterranean\events\ottoman-conquest-of-the-mamluk-sultanate-1516-1517.md,sanapedia\JA\worlds\west-asia\anatolia-and-eastern-mediterranean\events\ottoman-conquest-of-the-mamluk-sultanate-1516-1517.md,
sp_00000006,active,sanapedia\EN\worlds\west-asia\anatolia-and-eastern-mediterranean\events\ottoman-succession-crisis-1481.md,sanapedia\JA\worlds\west-asia\anatolia-and-eastern-mediterranean\events\ottoman-succession-crisis-1481.md,
sp_00000007,active,sanapedia\EN\worlds\west-asia\anatolia-and-eastern-mediterranean\events\preveza-1538.md,sanapedia\JA\worlds\west-asia\anatolia-and-eastern-mediterranean\events\preveza-1538.md,
sp_00000008,active,sanapedia\EN\worlds\west-asia\anatolia-and-eastern-mediterranean\events\rhodes-1522.md,sanapedia\JA\worlds\west-asia\anatolia-and-eastern-mediterranean\events\rhodes-1522.md,
sp_00000009,active,sanapedia\EN\worlds\west-asia\anatolia-and-eastern-mediterranean\events\szigetvar-and-death-of-suleyman-i-1566.md,sanapedia\JA\worlds\west-asia\anatolia-and-eastern-mediterranean\events\szigetvar-and-death-of-suleyman-i-1566.md,
sp_00000010,active,sanapedia\EN\worlds\west-asia\anatolia-and-eastern-mediterranean\people\osman-i.md,sanapedia\JA\worlds\west-asia\anatolia-and-eastern-mediterranean\people\osman-i.md,
sp_00000011,active,sanapedia\EN\worlds\west-asia\anatolia-and-eastern-mediterranean\people\orhan.md,sanapedia\JA\worlds\west-asia\anatolia-and-eastern-mediterranean\people\orhan.md,
sp_00000012,active,sanapedia\EN\worlds\west-asia\anatolia-and-eastern-mediterranean\people\murad-i.md,sanapedia\JA\worlds\west-asia\anatolia-and-eastern-mediterranean\people\murad-i.md,
sp_00000013,active,sanapedia\EN\worlds\west-asia\anatolia-and-eastern-mediterranean\people\bayezid-i.md,sanapedia\JA\worlds\west-asia\anatolia-and-eastern-mediterranean\people\bayezid-i.md,
sp_00000014,active,sanapedia\EN\worlds\west-asia\anatolia-and-eastern-mediterranean\people\isa-celebi.md,sanapedia\JA\worlds\west-asia\anatolia-and-eastern-mediterranean\people\isa-celebi.md,
sp_00000015,active,sanapedia\EN\worlds\west-asia\anatolia-and-eastern-mediterranean\people\suleyman-celebi.md,sanapedia\JA\worlds\west-asia\anatolia-and-eastern-mediterranean\people\suleyman-celebi.md,
sp_00000016,active,sanapedia\EN\worlds\west-asia\anatolia-and-eastern-mediterranean\people\musa-celebi.md,sanapedia\JA\worlds\west-asia\anatolia-and-eastern-mediterranean\people\musa-celebi.md,
sp_00000017,active,sanapedia\EN\worlds\west-asia\anatolia-and-eastern-mediterranean\people\mehmed-i.md,sanapedia\JA\worlds\west-asia\anatolia-and-eastern-mediterranean\people\mehmed-i.md,
sp_00000018,active,sanapedia\EN\worlds\west-asia\anatolia-and-eastern-mediterranean\people\murad-ii.md,sanapedia\JA\worlds\west-asia\anatolia-and-eastern-mediterranean\people\murad-ii.md,
sp_00000019,active,sanapedia\EN\worlds\west-asia\anatolia-and-eastern-mediterranean\people\mehmed-ii.md,sanapedia\JA\worlds\west-asia\anatolia-and-eastern-mediterranean\people\mehmed-ii.md,
sp_00000020,active,sanapedia\EN\worlds\west-asia\anatolia-and-eastern-mediterranean\people\sehzade-mustafa.md,sanapedia\JA\worlds\west-asia\anatolia-and-eastern-mediterranean\people\sehzade-mustafa.md,
sp_00000021,active,sanapedia\EN\worlds\west-asia\anatolia-and-eastern-mediterranean\people\bayezid-ii.md,sanapedia\JA\worlds\west-asia\anatolia-and-eastern-mediterranean\people\bayezid-ii.md,
sp_00000022,active,sanapedia\EN\worlds\west-asia\anatolia-and-eastern-mediterranean\people\cem-sultan.md,sanapedia\JA\worlds\west-asia\anatolia-and-eastern-mediterranean\people\cem-sultan.md,
sp_00000023,active,sanapedia\EN\worlds\west-asia\anatolia-and-eastern-mediterranean\people\selim-i.md,sanapedia\JA\worlds\west-asia\anatolia-and-eastern-mediterranean\people\selim-i.md,
sp_00000024,active,sanapedia\EN\worlds\west-asia\anatolia-and-eastern-mediterranean\people\suleyman-i.md,sanapedia\JA\worlds\west-asia\anatolia-and-eastern-mediterranean\people\suleyman-i.md,
sp_00000025,active,sanapedia\EN\worlds\west-asia\anatolia-and-eastern-mediterranean\people\alaeddin-pasha-vizier.md,sanapedia\JA\worlds\west-asia\anatolia-and-eastern-mediterranean\people\alaeddin-pasha-vizier.md,
sp_00000026,active,sanapedia\EN\worlds\west-asia\anatolia-and-eastern-mediterranean\people\candarli-halil-pasha.md,sanapedia\JA\worlds\west-asia\anatolia-and-eastern-mediterranean\people\candarli-halil-pasha.md,
sp_00000027,active,sanapedia\EN\worlds\west-asia\anatolia-and-eastern-mediterranean\people\lala-sahin-pasha.md,sanapedia\JA\worlds\west-asia\anatolia-and-eastern-mediterranean\people\lala-sahin-pasha.md,
sp_00000028,active,sanapedia\EN\worlds\west-asia\anatolia-and-eastern-mediterranean\people\candarli-ali-pasha.md,sanapedia\JA\worlds\west-asia\anatolia-and-eastern-mediterranean\people\candarli-ali-pasha.md,
sp_00000029,active,sanapedia\EN\worlds\west-asia\anatolia-and-eastern-mediterranean\people\candarli-kara-halil-hayreddin-pasha.md,sanapedia\JA\worlds\west-asia\anatolia-and-eastern-mediterranean\people\candarli-kara-halil-hayreddin-pasha.md,
sp_00000030,active,sanapedia\EN\worlds\west-asia\anatolia-and-eastern-mediterranean\people\mahmud-pasha-angelovic.md,sanapedia\JA\worlds\west-asia\anatolia-and-eastern-mediterranean\people\mahmud-pasha-angelovic.md,
sp_00000031,active,sanapedia\EN\worlds\west-asia\anatolia-and-eastern-mediterranean\people\ishak-pasha.md,sanapedia\JA\worlds\west-asia\anatolia-and-eastern-mediterranean\people\ishak-pasha.md,
sp_00000032,active,sanapedia\EN\worlds\west-asia\anatolia-and-eastern-mediterranean\people\koca-davud-pasha.md,sanapedia\JA\worlds\west-asia\anatolia-and-eastern-mediterranean\people\koca-davud-pasha.md,
sp_00000033,active,sanapedia\EN\worlds\west-asia\anatolia-and-eastern-mediterranean\people\atik-ali-pasha.md,sanapedia\JA\worlds\west-asia\anatolia-and-eastern-mediterranean\people\atik-ali-pasha.md,
sp_00000034,active,sanapedia\EN\worlds\west-asia\anatolia-and-eastern-mediterranean\people\shahkulu-baba-tekeli.md,sanapedia\JA\worlds\west-asia\anatolia-and-eastern-mediterranean\people\shahkulu-baba-tekeli.md,
sp_00000035,active,sanapedia\EN\worlds\west-asia\anatolia-and-eastern-mediterranean\people\hersekzade-ahmed-pasha.md,sanapedia\JA\worlds\west-asia\anatolia-and-eastern-mediterranean\people\hersekzade-ahmed-pasha.md,
sp_00000036,active,sanapedia\EN\worlds\west-asia\anatolia-and-eastern-mediterranean\people\yunus-pasha.md,sanapedia\JA\worlds\west-asia\anatolia-and-eastern-mediterranean\people\yunus-pasha.md,
sp_00000037,active,sanapedia\EN\worlds\west-asia\anatolia-and-eastern-mediterranean\people\piri-mehmed-pasha.md,sanapedia\JA\worlds\west-asia\anatolia-and-eastern-mediterranean\people\piri-mehmed-pasha.md,
sp_00000038,active,sanapedia\EN\worlds\west-asia\anatolia-and-eastern-mediterranean\people\pargali-ibrahim-pasha.md,sanapedia\JA\worlds\west-asia\anatolia-and-eastern-mediterranean\people\pargali-ibrahim-pasha.md,
sp_00000039,active,sanapedia\EN\worlds\west-asia\anatolia-and-eastern-mediterranean\people\hadim-suleyman-pasha.md,sanapedia\JA\worlds\west-asia\anatolia-and-eastern-mediterranean\people\hadim-suleyman-pasha.md,
sp_00000040,active,sanapedia\EN\worlds\west-asia\anatolia-and-eastern-mediterranean\people\rustem-pasha.md,sanapedia\JA\worlds\west-asia\anatolia-and-eastern-mediterranean\people\rustem-pasha.md,
sp_00000041,active,sanapedia\EN\worlds\west-asia\anatolia-and-eastern-mediterranean\people\sokollu-mehmed-pasha.md,sanapedia\JA\worlds\west-asia\anatolia-and-eastern-mediterranean\people\sokollu-mehmed-pasha.md,
sp_00000042,active,sanapedia\EN\worlds\west-asia\anatolia-and-eastern-mediterranean\timeline\ottoman-balkans-early-fifteenth-century.md,sanapedia\JA\worlds\west-asia\anatolia-and-eastern-mediterranean\timeline\ottoman-balkans-early-fifteenth-century.md,
sp_00000043,active,sanapedia\EN\worlds\west-asia\anatolia-and-eastern-mediterranean\timeline\ottoman-empire-early-sixteenth-century.md,sanapedia\JA\worlds\west-asia\anatolia-and-eastern-mediterranean\timeline\ottoman-empire-early-sixteenth-century.md,
sp_00000044,active,sanapedia\EN\worlds\west-asia\anatolia-and-eastern-mediterranean\timeline\ottoman-empire-fifteenth-century.md,sanapedia\JA\worlds\west-asia\anatolia-and-eastern-mediterranean\timeline\ottoman-empire-fifteenth-century.md,
sp_00000045,active,sanapedia\EN\worlds\west-asia\anatolia-and-eastern-mediterranean\timeline\ottoman-interregnum.md,sanapedia\JA\worlds\west-asia\anatolia-and-eastern-mediterranean\timeline\ottoman-interregnum.md,
sp_00000046,active,sanapedia\EN\worlds\west-asia\anatolia-and-eastern-mediterranean\timeline\ottoman-sultans.md,sanapedia\JA\worlds\west-asia\anatolia-and-eastern-mediterranean\timeline\ottoman-sultans.md,
