entry_key,status,notes
sp_00000001,active,
sp_00000002,active,
sp_00000003,active,
sp_00000004,active,
sp_00000005,active,
sp_00000006,active,
sp_00000007,active,
sp_00000008,active,
sp_00000009,active,
sp_00000010,active,
sp_00000011,active,
sp_00000012,active,
sp_00000013,active,
sp_00000014,active,
sp_00000015,active,
sp_00000016,active,
sp_00000017,active,
sp_00000018,active,
sp_00000019,active,
sp_00000020,active,
sp_00000021,active,
sp_00000022,active,
sp_00000023,active,
sp_00000024,active,
sp_00000025,active,
sp_00000026,active,
sp_00000027,active,
sp_00000028,active,
sp_00000029,active,
sp_00000030,active,
sp_00000031,active,
sp_00000032,active,
sp_00000033,active,
sp_00000034,active,
sp_00000035,active,
sp_00000036,active,
sp_00000037,active,
sp_00000038,active,
sp_00000039,active,
sp_00000040,active,
sp_00000041,active,
sp_00000042,active,
sp_00000043,active,
sp_00000044,active,
sp_00000045,active,
sp_00000046,active,
sp_00000047,provisional,Timur; multiregional historical identity
sp_00000048,provisional,SANA methodology principle
sp_00000049,provisional,SANA OS methodology principle
sp_00000050,provisional,SANA Historical Reading Protocol
sp_00000051,provisional,Article Specification
sp_00000052,provisional,Revision and Citation Policy
sp_00000053,provisional,Source Trifurcation
sp_00000054,provisional,Three-Layer Analysis
