entry_key,language,file
sp_00000001,en,EN/worlds/west-asia/anatolia-and-eastern-mediterranean/ottoman-polity.md
sp_00000001,ja,JA/worlds/west-asia/anatolia-and-eastern-mediterranean/ottoman-polity.md
sp_00000002,en,EN/worlds/west-asia/anatolia-and-eastern-mediterranean/events/battle-of-chaldiran-1514.md
sp_00000002,ja,JA/worlds/west-asia/anatolia-and-eastern-mediterranean/events/battle-of-chaldiran-1514.md
sp_00000003,en,EN/worlds/west-asia/anatolia-and-eastern-mediterranean/events/battle-of-mohacs-1526.md
sp_00000003,ja,JA/worlds/west-asia/anatolia-and-eastern-mediterranean/events/battle-of-mohacs-1526.md
sp_00000004,en,EN/worlds/west-asia/anatolia-and-eastern-mediterranean/events/belgrade-1521.md
sp_00000004,ja,JA/worlds/west-asia/anatolia-and-eastern-mediterranean/events/belgrade-1521.md
sp_00000005,en,EN/worlds/west-asia/anatolia-and-eastern-mediterranean/events/ottoman-conquest-of-the-mamluk-sultanate-1516-1517.md
sp_00000005,ja,JA/worlds/west-asia/anatolia-and-eastern-mediterranean/events/ottoman-conquest-of-the-mamluk-sultanate-1516-1517.md
sp_00000006,en,EN/worlds/west-asia/anatolia-and-eastern-mediterranean/events/ottoman-succession-crisis-1481.md
sp_00000006,ja,JA/worlds/west-asia/anatolia-and-eastern-mediterranean/events/ottoman-succession-crisis-1481.md
sp_00000007,en,EN/worlds/west-asia/anatolia-and-eastern-mediterranean/events/preveza-1538.md
sp_00000007,ja,JA/worlds/west-asia/anatolia-and-eastern-mediterranean/events/preveza-1538.md
sp_00000008,en,EN/worlds/west-asia/anatolia-and-eastern-mediterranean/events/rhodes-1522.md
sp_00000008,ja,JA/worlds/west-asia/anatolia-and-eastern-mediterranean/events/rhodes-1522.md
sp_00000009,en,EN/worlds/west-asia/anatolia-and-eastern-mediterranean/events/szigetvar-and-death-of-suleyman-i-1566.md
sp_00000009,ja,JA/worlds/west-asia/anatolia-and-eastern-mediterranean/events/szigetvar-and-death-of-suleyman-i-1566.md
sp_00000010,en,EN/worlds/west-asia/anatolia-and-eastern-mediterranean/people/osman-i.md
sp_00000010,ja,JA/worlds/west-asia/anatolia-and-eastern-mediterranean/people/osman-i.md
sp_00000011,en,EN/worlds/west-asia/anatolia-and-eastern-mediterranean/people/orhan.md
sp_00000011,ja,JA/worlds/west-asia/anatolia-and-eastern-mediterranean/people/orhan.md
sp_00000012,en,EN/worlds/west-asia/anatolia-and-eastern-mediterranean/people/murad-i.md
sp_00000012,ja,JA/worlds/west-asia/anatolia-and-eastern-mediterranean/people/murad-i.md
sp_00000013,en,EN/worlds/west-asia/anatolia-and-eastern-mediterranean/people/bayezid-i.md
sp_00000013,ja,JA/worlds/west-asia/anatolia-and-eastern-mediterranean/people/bayezid-i.md
sp_00000014,en,EN/worlds/west-asia/anatolia-and-eastern-mediterranean/people/isa-celebi.md
sp_00000014,ja,JA/worlds/west-asia/anatolia-and-eastern-mediterranean/people/isa-celebi.md
sp_00000015,en,EN/worlds/west-asia/anatolia-and-eastern-mediterranean/people/suleyman-celebi.md
sp_00000015,ja,JA/worlds/west-asia/anatolia-and-eastern-mediterranean/people/suleyman-celebi.md
sp_00000016,en,EN/worlds/west-asia/anatolia-and-eastern-mediterranean/people/musa-celebi.md
sp_00000016,ja,JA/worlds/west-asia/anatolia-and-eastern-mediterranean/people/musa-celebi.md
sp_00000017,en,EN/worlds/west-asia/anatolia-and-eastern-mediterranean/people/mehmed-i.md
sp_00000017,ja,JA/worlds/west-asia/anatolia-and-eastern-mediterranean/people/mehmed-i.md
sp_00000018,en,EN/worlds/west-asia/anatolia-and-eastern-mediterranean/people/murad-ii.md
sp_00000018,ja,JA/worlds/west-asia/anatolia-and-eastern-mediterranean/people/murad-ii.md
sp_00000019,en,EN/worlds/west-asia/anatolia-and-eastern-mediterranean/people/mehmed-ii.md
sp_00000019,ja,JA/worlds/west-asia/anatolia-and-eastern-mediterranean/people/mehmed-ii.md
sp_00000020,en,EN/worlds/west-asia/anatolia-and-eastern-mediterranean/people/sehzade-mustafa.md
sp_00000020,ja,JA/worlds/west-asia/anatolia-and-eastern-mediterranean/people/sehzade-mustafa.md
sp_00000021,en,EN/worlds/west-asia/anatolia-and-eastern-mediterranean/people/bayezid-ii.md
sp_00000021,ja,JA/worlds/west-asia/anatolia-and-eastern-mediterranean/people/bayezid-ii.md
sp_00000022,en,EN/worlds/west-asia/anatolia-and-eastern-mediterranean/people/cem-sultan.md
sp_00000022,ja,JA/worlds/west-asia/anatolia-and-eastern-mediterranean/people/cem-sultan.md
sp_00000023,en,EN/worlds/west-asia/anatolia-and-eastern-mediterranean/people/selim-i.md
sp_00000023,ja,JA/worlds/west-asia/anatolia-and-eastern-mediterranean/people/selim-i.md
sp_00000024,en,EN/worlds/west-asia/anatolia-and-eastern-mediterranean/people/suleyman-i.md
sp_00000024,ja,JA/worlds/west-asia/anatolia-and-eastern-mediterranean/people/suleyman-i.md
sp_00000025,en,EN/worlds/west-asia/anatolia-and-eastern-mediterranean/people/alaeddin-pasha-vizier.md
sp_00000025,ja,JA/worlds/west-asia/anatolia-and-eastern-mediterranean/people/alaeddin-pasha-vizier.md
sp_00000026,en,EN/worlds/west-asia/anatolia-and-eastern-mediterranean/people/candarli-halil-pasha.md
sp_00000026,ja,JA/worlds/west-asia/anatolia-and-eastern-mediterranean/people/candarli-halil-pasha.md
sp_00000027,en,EN/worlds/west-asia/anatolia-and-eastern-mediterranean/people/lala-sahin-pasha.md
sp_00000027,ja,JA/worlds/west-asia/anatolia-and-eastern-mediterranean/people/lala-sahin-pasha.md
sp_00000028,en,EN/worlds/west-asia/anatolia-and-eastern-mediterranean/people/candarli-ali-pasha.md
sp_00000028,ja,JA/worlds/west-asia/anatolia-and-eastern-mediterranean/people/candarli-ali-pasha.md
sp_00000029,en,EN/worlds/west-asia/anatolia-and-eastern-mediterranean/people/candarli-kara-halil-hayreddin-pasha.md
sp_00000029,ja,JA/worlds/west-asia/anatolia-and-eastern-mediterranean/people/candarli-kara-halil-hayreddin-pasha.md
sp_00000030,en,EN/worlds/west-asia/anatolia-and-eastern-mediterranean/people/mahmud-pasha-angelovic.md
sp_00000030,ja,JA/worlds/west-asia/anatolia-and-eastern-mediterranean/people/mahmud-pasha-angelovic.md
sp_00000031,en,EN/worlds/west-asia/anatolia-and-eastern-mediterranean/people/ishak-pasha.md
sp_00000031,ja,JA/worlds/west-asia/anatolia-and-eastern-mediterranean/people/ishak-pasha.md
sp_00000032,en,EN/worlds/west-asia/anatolia-and-eastern-mediterranean/people/koca-davud-pasha.md
sp_00000032,ja,JA/worlds/west-asia/anatolia-and-eastern-mediterranean/people/koca-davud-pasha.md
sp_00000033,en,EN/worlds/west-asia/anatolia-and-eastern-mediterranean/people/atik-ali-pasha.md
sp_00000033,ja,JA/worlds/west-asia/anatolia-and-eastern-mediterranean/people/atik-ali-pasha.md
sp_00000034,en,EN/worlds/west-asia/anatolia-and-eastern-mediterranean/people/shahkulu-baba-tekeli.md
sp_00000034,ja,JA/worlds/west-asia/anatolia-and-eastern-mediterranean/people/shahkulu-baba-tekeli.md
sp_00000035,en,EN/worlds/west-asia/anatolia-and-eastern-mediterranean/people/hersekzade-ahmed-pasha.md
sp_00000035,ja,JA/worlds/west-asia/anatolia-and-eastern-mediterranean/people/hersekzade-ahmed-pasha.md
sp_00000036,en,EN/worlds/west-asia/anatolia-and-eastern-mediterranean/people/yunus-pasha.md
sp_00000036,ja,JA/worlds/west-asia/anatolia-and-eastern-mediterranean/people/yunus-pasha.md
sp_00000037,en,EN/worlds/west-asia/anatolia-and-eastern-mediterranean/people/piri-mehmed-pasha.md
sp_00000037,ja,JA/worlds/west-asia/anatolia-and-eastern-mediterranean/people/piri-mehmed-pasha.md
sp_00000038,en,EN/worlds/west-asia/anatolia-and-eastern-mediterranean/people/pargali-ibrahim-pasha.md
sp_00000038,ja,JA/worlds/west-asia/anatolia-and-eastern-mediterranean/people/pargali-ibrahim-pasha.md
sp_00000039,en,EN/worlds/west-asia/anatolia-and-eastern-mediterranean/people/hadim-suleyman-pasha.md
sp_00000039,ja,JA/worlds/west-asia/anatolia-and-eastern-mediterranean/people/hadim-suleyman-pasha.md
sp_00000040,en,EN/worlds/west-asia/anatolia-and-eastern-mediterranean/people/rustem-pasha.md
sp_00000040,ja,JA/worlds/west-asia/anatolia-and-eastern-mediterranean/people/rustem-pasha.md
sp_00000041,en,EN/worlds/west-asia/anatolia-and-eastern-mediterranean/people/sokollu-mehmed-pasha.md
sp_00000041,ja,JA/worlds/west-asia/anatolia-and-eastern-mediterranean/people/sokollu-mehmed-pasha.md
sp_00000042,en,EN/worlds/west-asia/anatolia-and-eastern-mediterranean/timeline/ottoman-balkans-early-fifteenth-century.md
sp_00000042,ja,JA/worlds/west-asia/anatolia-and-eastern-mediterranean/timeline/ottoman-balkans-early-fifteenth-century.md
sp_00000043,en,EN/worlds/west-asia/anatolia-and-eastern-mediterranean/timeline/ottoman-empire-early-sixteenth-century.md
sp_00000043,ja,JA/worlds/west-asia/anatolia-and-eastern-mediterranean/timeline/ottoman-empire-early-sixteenth-century.md
sp_00000044,en,EN/worlds/west-asia/anatolia-and-eastern-mediterranean/timeline/ottoman-empire-fifteenth-century.md
sp_00000044,ja,JA/worlds/west-asia/anatolia-and-eastern-mediterranean/timeline/ottoman-empire-fifteenth-century.md
sp_00000045,en,EN/worlds/west-asia/anatolia-and-eastern-mediterranean/timeline/ottoman-interregnum.md
sp_00000045,ja,JA/worlds/west-asia/anatolia-and-eastern-mediterranean/timeline/ottoman-interregnum.md
sp_00000046,en,EN/worlds/west-asia/anatolia-and-eastern-mediterranean/timeline/ottoman-sultans.md
sp_00000046,ja,JA/worlds/west-asia/anatolia-and-eastern-mediterranean/timeline/ottoman-sultans.md
sp_00000047,en,EN/worlds/west-asia/anatolia-and-eastern-mediterranean/people/timur.md
sp_00000047,ja,JA/worlds/west-asia/anatolia-and-eastern-mediterranean/people/timur.md
sp_00000048,en,EN/principles/sana.md
sp_00000048,ja,JA/principles/sana.md
sp_00000049,en,EN/principles/sana-os.md
sp_00000049,ja,JA/principles/sana-os.md
sp_00000050,en,EN/principles/sana-protocol.md
sp_00000050,ja,JA/principles/sana-protocol.md
sp_00000051,en,EN/principles/article-spec.md
sp_00000051,ja,JA/principles/article-spec.md
sp_00000052,en,EN/principles/revision-policy.md
sp_00000052,ja,JA/principles/revision-policy.md
sp_00000053,en,EN/frameworks/source-trifurcation.md
sp_00000053,ja,JA/frameworks/source-trifurcation.md
sp_00000054,en,EN/frameworks/three-layer-analysis.md
sp_00000054,ja,JA/frameworks/three-layer-analysis.md
